patient,distance,organ,change
0,0.1,Heart,6.146000000000006
1,0.2,Heart,2.768000000000004
2,0.6,Heart,0.7560000000000002
3,-1.0,Bowel,6.796000000000001
4,2.5,Bowel,0.115000000000002
5,4.5,Heart,-0.2379999999999967
6,3.0,Stomach,1.05
7,-1.0,Heart,7.911999999999997
8,0.2,Heart,2.0860000000000007
9,7.0,Heart,0.5199999999999989
10,8.0,Bowel,-0.484999999999997
11,-1.0,Bowel,0.20999999999999944
12,3.0,Bowel,0.3359999999999985
13,-1.0,Stomach,2.324000000000004
14,4.0,Heart,0.0
